sine_sec,sine_autal_sec,cosine_sec,cosine_autal_sec
36310.945659949,27703.969684253476,165171.5418494572,185479.48537927668
127968.91386611754,154656.71083467462,81510.50762493617,58526.74422885551
92039.15932148881,100334.38847187003,108602.26830348416,112849.06659166011
98899.80868093821,118208.25191184717,2716.61649572525,94975.20315168299
92039.15932148881,167733.91692690927,108602.26830348416,45449.53813662087
100735.84515075949,62060.06260444549,86341.41574244454,151123.39245908466
100735.84515075949,71238.79469745864,86341.41574244454,141944.6603660715
134068.0886172589,188854.8703452405,66784.47172947961,24328.584718289665
64175.9025590542,194697.68602028984,132765.91204119276,18485.769043240332
20667.69371052221,31553.1252702827,183250.12887134607,181630.32979324742
168028.0180009506,159907.33050644986,38477.69870363917,53276.12455708029
16871.91470435972,12218.570248548613,190306.45184695325,200964.8848149816
64175.9025590542,66294.13276211721,132765.91204119276,146889.32230141296
170526.55686101146,157538.62545018844,38299.12777934772,55644.82961334172
138687.59929209517,117852.93628380365,47105.51041430872,95330.51877972651
167392.28065450952,164684.21903657704,43734.65184748974,48499.23602695314
100735.84515075949,51312.07328126353,86341.41574244454,161871.38178226663
64175.9025590542,54638.12996443067,132765.91204119276,158545.32509909946
15934.458055912124,54776.30442604589,187069.50846072988,158407.15063748427
114375.46481210068,149494.8978633005,73129.27260263341,63688.55720022965
141040.3330290733,190019.48366456915,50227.25282613535,23163.971398961054
140804.69384259506,146889.3223014129,65929.23931173552,66294.13276211725
15845.764316223183,12258.048666152927,171065.94651316426,200925.40639737717
140804.69384259506,132183.62161339403,65929.23931173552,80999.83345013612
182049.14650951055,187798.84241353255,18894.501601539556,25384.61264999756
191086.03850868891,172096.29194179512,12450.662043226306,41087.16312173502
170526.55686101146,158249.24683667117,38299.12777934772,54934.20822685901
99374.35017224212,96653.03589986819,112498.79905256523,116530.41916366197
15934.458055912124,1362.0054073503509,187069.50846072988,211821.44965617987
15845.764316223183,18939.760976086072,171065.94651316426,194243.69408744405
113118.51624434124,115119.06573430628,20657.372352503025,98064.3893292239
186607.6919750366,191174.23724910087,6620.488485861583,22009.217814429274
168028.0180009506,173063.51317310196,38477.69870363917,40119.94189042822
33321.61888299281,16807.92642545078,168834.53286911643,196375.52863807936
33321.61888299281,43357.16226438117,168834.53286911643,169826.292799149
175936.75870452935,197915.1671854406,25732.38107275303,15268.287878089537
185037.9697812541,203866.54850890185,5368.0918905102835,9316.906554628322
182773.95460771615,181768.5141244671,25340.50439965509,31414.940939063097
162085.95639791794,191884.8487659794,4370.929301157427,21298.606297550716
176011.99945108686,143977.79887269592,1017.4768812104417,69205.65619083424
175936.75870452935,199622.61861643344,25732.38107275303,13560.836447096746
117852.95588914839,113826.14755776359,93036.18610442357,99357.3075057666
182773.95460771615,196109.04931924996,25340.50439965509,17074.40574428026
108364.40977867415,85984.00341189481,103478.82371591967,127199.45165163538
115973.04371599264,96741.87220908228,69197.42444165256,116441.58285444789
71548.12371098543,59602.55084778291,129758.19116050866,153580.90421574723
176011.99945108686,117695.04235259496,1017.4768812104417,95488.41271093521
117852.95588914839,123162.79332119414,93036.18610442357,90020.66174233603
100735.84515075949,77890.91793339723,86341.41574244454,135292.53713013293
66293.24749317655,62859.50056093372,129085.38474493574,150323.95450259643
15934.458055912124,19739.198932574345,187069.50846072988,193444.25613095582
64175.9025590542,46939.8286619766,132765.91204119276,166243.6264015536
182773.95460771615,185035.35318122763,25340.50439965509,28148.101882302493
33623.022680780814,789.5584824827533,156064.29185726383,212393.89658104774
140804.69384259506,154903.4509447018,65929.23931173552,58280.00411882837
15845.764316223183,18742.378757668717,171065.94651316426,194441.07630586147
146231.48247530783,133338.36532832152,62870.1116924541,79845.08973520865
140804.69384259506,133575.22596434344,65929.23931173552,79608.22909918672
20667.69371052221,103561.74911102628,183250.12887134607,109621.7059525039
140804.69384259506,151419.4707215129,65929.23931173552,61763.98434201726
75275.28708194585,66422.42774972705,130070.2214632356,146761.0273138031
15934.458055912124,16610.534337429024,187069.50846072988,196572.92072610112
104484.60461403965,196888.7381973317,68122.76751346675,16294.716866198498
94575.77080429126,76292.0420204207,79449.74300423387,136891.41304310944
95690.86122698784,171602.81172174073,85492.53676963848,41580.64334178944
163151.77543448322,167526.6651040908,46192.91017324403,45656.78995943939
141040.3330290733,167842.49244492562,50227.25282613535,45340.962618604506
134084.19587530414,191667.707599551,58216.43708332505,21515.74746397916
141040.3330290733,129587.90578630325,50227.25282613535,83595.54927722689
163151.77543448322,151705.68924914458,46192.91017324403,61477.7658143856
175936.75870452935,185489.33524446908,25732.38107275303,27694.119819061063
162085.95639791794,205672.68611430126,4370.929301157427,7510.768949228932
117852.95588914839,94442.24451402403,93036.18610442357,118741.21054950613
33321.61888299281,35520.706239520616,168834.53286911643,177662.74882400956
141040.3330290733,209561.31024833015,50227.25282613535,3622.144815199825
182049.14650951055,208979.00358866618,18894.501601539556,4204.451474864081
56019.12569476837,69610.31984088321,151989.71845142703,143573.13522264696
146231.48247530783,166628.54097319592,62870.1116924541,46554.91409033422
182049.14650951055,200056.89107968568,18894.501601539556,13126.56398384456
15845.764316223183,10027.508201902361,171065.94651316426,203155.94686162774
156607.44129451693,147560.4652702913,54189.43076229372,65622.98979323887
185037.9697812541,202810.5008379853,5368.0918905102835,10372.954225544838
158040.6087948982,176646.17957069745,51252.49156826319,36537.275492832734
33321.61888299281,35441.74940431187,168834.53286911643,177741.70565921828
177800.52910853102,180465.71647391896,33455.1232451648,32717.738589611174
98899.80868093821,96356.94776783536,2716.61649572525,116826.50729569481
66293.24749317655,135845.23497659393,129085.38474493574,77338.22008693626
185037.9697812541,200658.92707854783,5368.0918905102835,12524.527984982335
170526.55686101146,162611.60211234834,38299.12777934772,50571.85295118184
66293.24749317655,28611.983158757994,129085.38474493574,184571.4719047722
31321.135870894042,1273.1789677404618,143320.77403039884,211910.27609578904
75275.28708194585,88935.00525821622,130070.2214632356,124248.44980531393
185037.9697812541,197017.03318494148,5368.0918905102835,16166.421878588722
158040.6087948982,175195.34772373718,51252.49156826319,37988.107339792936
71548.12371098543,84641.72734374244,129758.19116050866,128541.7277197877
168028.0180009506,194974.04481312455,38477.69870363917,18209.410250405574
15845.764316223183,27526.32667463819,171065.94651316426,185657.128388892
185037.9697812541,179370.1903853981,5368.0918905102835,33813.26467813205
64175.9025590542,20726.169242287615,132765.91204119276,192457.28582124255
15934.458055912124,2358.845321464787,187069.50846072988,210824.60974206563
117852.95588914839,78433.74617545714,93036.18610442357,134749.70888807302
117852.95588914839,119767.64940721935,93036.18610442357,93415.80565631081
36310.945659949,8843.16554337602,165171.5418494572,204340.28952015424
124101.70432227012,121662.62332183294,86163.31296406082,91520.83174169723
138687.59929209517,110608.65652300855,47105.51041430872,102574.79854052162
182049.14650951055,174859.78117410018,18894.501601539556,38323.67388942998
109917.91597181874,106483.16188335305,102307.77675980279,106700.29318017709
158986.31351391342,208742.12321343538,36438.19538536289,4441.331850094571
140804.69384259506,133318.62611951947,65929.23931173552,79864.82894401069
33321.61888299281,36754.40678965677,168834.53286911643,176429.04827387337
66293.24749317655,102594.5377493239,129085.38474493574,110588.91731420626
185037.9697812541,117931.91285822108,5368.0918905102835,95251.54220530907
92039.15932148881,70350.5401709649,108602.26830348416,142832.91489256526
157064.6381262926,187433.65718108814,38723.73956165537,25749.797882442017
182049.14650951055,118010.86969342982,18894.501601539556,95172.58537010032
156607.44129451693,151340.52375590857,54189.43076229372,61842.931307621584
168028.0180009506,159936.93931965303,38477.69870363917,53246.51574387712
33321.61888299281,36201.708943195765,168834.53286911643,176981.74612033437
33321.61888299281,43821.03367123235,168834.53286911643,169362.42139229784
177800.52910853102,180840.75157155588,33455.1232451648,32342.703491974247
185609.3697682436,205919.42622432823,13337.816266218988,7264.028839201784
182049.14650951055,205573.98020068585,18894.501601539556,7609.4748628442685
99374.35017224212,114418.33369143322,112498.79905256523,98765.12137209695
93150.63886590989,19847.774450590703,72723.06278796554,193335.6806129394
167392.28065450952,146543.89601697915,43734.65184748974,66639.55904655102
167392.28065450952,178610.23084651423,43734.65184748974,34573.224217015966
116002.58734788049,130199.82125917089,95667.73821498148,82983.63380435924
170526.55686101146,141589.344738028,38299.12777934772,71594.11032550214
185037.9697812541,209314.57013830324,5368.0918905102835,3868.884925226974
141040.3330290733,205327.24009065866,50227.25282613535,7856.2149728715385
182049.14650951055,185035.35318122763,18894.501601539556,28148.101882302493
93150.63886590989,36616.2323280415,72723.06278796554,176567.22273548864
182049.14650951055,210893.70684247775,18894.501601539556,2289.748221052694
134084.19587530414,117300.24830694695,58216.43708332505,95883.2067565832
114375.46481210068,94274.46123920551,73129.27260263341,118908.99382432464
168028.0180009506,194302.90184424634,38477.69870363917,18880.55321928384
2430.001055203487,5122.324684165406,195237.74641167032,208061.13037936474
100735.84515075949,49762.545390292544,86341.41574244454,163420.90967323762
126943.06439153079,97353.76794274108,70887.28001454097,115829.68712078907
20667.69371052221,927.7428137023454,183250.12887134607,212255.71224982743
95690.86122698784,58013.52479999889,85492.53676963848,155169.93026353128
126943.06439153079,143227.69906860872,70887.28001454097,69955.75599492143
141040.3330290733,191391.36854592484,50227.25282613535,21792.086517605298
168028.0180009506,179449.14722060677,38477.69870363917,33734.30784292337
115919.59795604808,168859.0616982379,76406.5174230072,44324.393365292264
179326.18680666314,188983.1850720591,2969.751971331785,24200.269991471032
15845.764316223183,6158.643015884186,171065.94651316426,207024.81204764603
100735.84515075949,62928.58779174133,86341.41574244454,150254.86727178883
168028.0180009506,143050.04618938925,38477.69870363917,70133.4088741409
92039.15932148881,167724.05719211258,108602.26830348416,45459.397871417576
126943.06439153079,165246.7864874392,70887.28001454097,47936.66857609092
93150.63886590989,8458.25097173359,72723.06278796554,204725.2040917966
2430.001055203487,375.04496724133554,195237.74641167032,212808.41009628685
182049.14650951055,201843.27960667858,18894.501601539556,11340.175456851637
185037.9697812541,199593.0098032302,5368.0918905102835,13590.445260299988
170526.55686101146,173892.5698123977,38299.12777934772,39290.885251132466
191086.03850868891,183209.46649742185,12450.662043226306,29973.988566108354
168028.0180009506,135983.41930781348,38477.69870363917,77200.03575571669
167392.28065450952,173971.52664760643,43734.65184748974,39211.928415923714
166572.3474529065,195941.25617482702,18625.722730719426,17242.19888870314
131801.08138068003,158239.3673626657,79739.36620812237,54944.08770086447
156607.44129451693,147787.45630191208,54189.43076229372,65395.99876161808
182049.14650951055,199908.83714406507,18894.501601539556,13274.61791946511
15934.458055912124,32095.9436427382,187069.50846072988,181087.511420792
100735.84515075949,174731.46644728165,86341.41574244454,38451.988616248535
139227.90627428636,167220.70736765696,64936.869488235534,45962.7476958732
185037.9697812541,209689.60523594028,5368.0918905102835,3493.8498275900515
109917.91597181874,131660.52271053212,102307.77675980279,81522.93235299805
109917.91597181874,119066.90749474209,102307.77675980279,94116.54756878807
191086.03850868891,198536.97200191795,12450.662043226306,14646.483061612247
182773.95460771615,186061.7821693366,25340.50439965509,27121.672894193533
141040.3330290733,197944.78586824826,50227.25282613535,15238.669195281933
66293.24749317655,70133.40887414092,129085.38474493574,143050.04618938925
179326.18680666314,204744.9433005987,2969.751971331785,8438.511762931365
66293.24749317655,40761.456306894695,129085.38474493574,172421.99875663547
182049.14650951055,208130.22747977666,18894.501601539556,5053.227583753383
191086.03850868891,201458.36503503597,12450.662043226306,11725.090028494127
156607.44129451693,129755.69893072614,54189.43076229372,83427.75613280403
20891.326884970713,16403.28251461044,186300.71104762063,196780.1725489197
110480.34457117564,110519.83995300296,102703.09707255279,102663.61511052721
182773.95460771615,184107.600497921,25340.50439965509,29075.854565609166
182049.14650951055,212305.05040222825,18894.501601539556,878.4046613013634
141040.3330290733,151004.94733666716,50227.25282613535,62178.507726862976
170526.55686101146,174356.44121924893,38299.12777934772,38827.013844281224
156607.44129451693,155870.67217600858,54189.43076229372,57312.78288752157
139227.90627428636,192200.6761068142,64936.869488235534,20982.778956715953
92039.15932148881,130407.0829515937,108602.26830348416,82776.37211193646
75275.28708194585,108575.50814677961,130070.2214632356,104607.94691675053
46889.834730905895,54302.56341479363,162906.74858139997,158880.89164873652
121214.72329431148,200165.44685849326,53093.313176366486,13018.008205036824
124101.70432227012,80062.23090163687,86163.31296406082,133121.2241618933
185037.9697812541,169500.5859843087,5368.0918905102835,43682.869079221426
146231.48247530783,134443.7511516392,62870.1116924541,78739.70391189095
156607.44129451693,154785.01569188872,54189.43076229372,58398.439371641434
66293.24749317655,131690.1315237353,129085.38474493574,81493.32353979484
103285.4100574002,202583.4999367602,109898.04500612996,10599.955126769948
33623.022680780814,77012.52314170025,156064.29185726383,136170.9319218299
100735.84515075949,191667.71746915544,86341.41574244454,21515.737594374685
92039.15932148881,163322.20375962235,108602.26830348416,49861.25130390781
15934.458055912124,23430.440848186132,187069.50846072988,189753.014215344
158986.31351391342,143790.26651947093,36438.19538536289,69393.18854405923
98899.80868093821,60036.80357182657,2716.61649572525,153146.6514917036
185609.3697682436,106601.59713616614,13337.816266218988,106581.857927364
141040.3330290733,169767.05543353368,50227.25282613535,43416.39962999649
191086.03850868891,169500.5859843087,12450.662043226306,43682.869079221426
170526.55686101146,131966.48044696587,38299.12777934772,81216.97461656429
75275.28708194585,79815.48092200531,130070.2214632356,133367.97414152484
168028.0180009506,147570.32500508812,38477.69870363917,65613.13005844205
158040.6087948982,179005.024892162,51252.49156826319,34178.43017136815
99374.35017224212,95044.30025209492,112498.79905256523,118139.15481143523
56019.12569476837,78828.53035150067,151989.71845142703,134354.9247120295
61538.39518810232,191499.93419433688,137226.37989970625,21683.520869193326
98899.80868093821,201981.4441986893,2716.61649572525,11202.010864840775
170526.55686101146,196217.6050980576,38299.12777934772,16965.84996547252
121214.72329431148,200945.14560617937,53093.313176366486,12238.309457350822
157064.6381262926,120951.99206574573,38723.73956165537,92231.46299778442
163151.77543448322,159206.57872436816,46192.91017324403,53976.87633916203
109917.91597181874,97580.77871357043,102307.77675980279,115602.67634995974
109917.91597181874,107943.86333471427,102307.77675980279,105239.5917288159
114902.23722933084,186466.44581938558,92204.98357062394,26717.009244144574
182049.14650951055,206620.16813680585,18894.501601539556,6563.286926724411
99374.35017224212,80210.27496765323,112498.79905256523,132973.18009587695
156607.44129451693,147797.32590631323,54189.43076229372,65386.129157216936
185609.3697682436,205929.29582872946,13337.816266218988,7254.159234800643
64175.9025590542,65050.562607579974,132765.91204119276,148132.8924559502
182049.14650951055,193217.235490522,18894.501601539556,19966.21957300818
15934.458055912124,9889.343609891508,187069.50846072988,203294.1114536386
64175.9025590542,85115.46835499466,132765.91204119276,128067.98670853549
179326.18680666314,199820.01070445526,2969.751971331785,13363.44435907493
168028.0180009506,199158.7570791865,38477.69870363917,14024.697984343624
182773.95460771615,209699.4945795502,25340.50439965509,3483.960483980123
33321.61888299281,4757.149321325041,168834.53286911643,208426.30574220524
74003.91103955924,175185.47811933619,121751.43222087041,37997.97694419401
168028.0180009506,173803.7335031836,38477.69870363917,39379.72156034653
185037.9697812541,173122.7406691127,5368.0918905102835,40060.714394417446
92039.15932148881,57826.01218598259,108602.26830348416,155357.44287754758
99374.35017224212,96751.73194387909,112498.79905256523,116431.72311965105
64175.9025590542,83220.50430998545,132765.91204119276,129962.95075354472
63672.31001334164,39202.06868112689,107319.91471539771,173981.38638240326
191086.03850868891,169470.9771711053,12450.662043226306,43712.47789242485
15934.458055912124,5339.46585059375,187069.50846072988,207843.98921293652
92039.15932148881,76923.69670209043,108602.26830348416,136259.75836143972
186607.6919750366,207241.94334447008,6620.488485861583,5941.511719060221
66293.24749317655,65919.0877948758,129085.38474493574,147264.36726865437
185609.3697682436,192101.98006280325,13337.816266218988,21081.47500072686
185037.9697812541,209887.00719356642,5368.0918905102835,3296.447869963877
139227.90627428636,154479.04808585066,64936.869488235534,58704.406977679486
134068.0886172589,117882.56483621562,66784.47172947961,95300.89022731452
137648.60226416364,208505.26257741384,16034.661900666808,4678.1924861164625
182049.14650951055,193059.34155931327,18894.501601539556,20124.11350421689
134068.0886172589,195724.13474760734,66784.47172947961,17459.32031592275
139227.90627428636,163578.83321325944,64936.869488235534,49604.621850270734
31321.135870894042,177761.44486802048,143320.77403039884,35422.0101955097
158040.6087948982,168276.76490817798,51252.49156826319,44906.69015535221
117852.95588914839,97245.22203353782,93036.18610442357,115938.23302999235
98899.80868093821,77397.42784373838,2716.61649572525,135786.02721979178
121214.72329431148,120083.46687844986,53093.313176366486,93099.98818508029
56019.12569476837,32076.214303540415,151989.71845142703,181107.24075998977
100735.84515075949,191569.02142514446,86341.41574244454,21614.43363838571
124101.70432227012,72107.3297543589,86163.31296406082,141076.12530917127
182049.14650951055,207251.82281847537,18894.501601539556,5931.632245054651
170526.55686101146,197323.01066058385,38299.12777934772,15860.444402946314
140804.69384259506,124593.89582895637,65929.23931173552,88589.55923457378
158040.6087948982,123103.57569478755,51252.49156826319,90079.87936874261
99374.35017224212,94915.98552527641,112498.79905256523,118267.46953825376
64175.9025590542,66994.87467459452,132765.91204119276,146188.58038893563
126943.06439153079,102476.10249651084,70887.28001454097,110707.3525670193
185037.9697812541,205119.9882678403,5368.0918905102835,8063.466795689942
108470.97994745524,96258.25172382455,102832.70994240175,116925.2033397056
124101.70432227012,72590.94037001228,86163.31296406082,140592.51469351788
124101.70432227012,72176.4268547708,86163.31296406082,141007.02820875935
175936.75870452935,187739.60504791743,25732.38107275303,25443.85001561271
168028.0180009506,210923.31565568064,38477.69870363917,2260.139407849468
182773.95460771615,193029.73274610995,25340.50439965509,20153.722317420186
182049.14650951055,207232.08360967328,18894.501601539556,5951.371453856809
2430.001055203487,5684.882265423092,195237.74641167032,207498.5727981071
182049.14650951055,196572.92072610112,18894.501601539556,16610.534337429017
33623.022680780814,26095.23403648021,156064.29185726383,187088.22102704996
99374.35017224212,81809.1508806298,112498.79905256523,131374.30418290035
104484.60461403965,28167.841091104656,68122.76751346675,185015.6139724255
29232.309620471377,34879.172083845406,170401.73291535198,178304.28297968477
2430.001055203487,18752.258231674165,195237.74641167032,194431.196831856
127968.91386611754,133229.78981030526,81510.50762493617,79953.66525322488
15845.764316223183,6089.54591547211,171065.94651316426,207093.90914805818
33321.61888299281,196434.72652527716,168834.53286911643,16748.728538253028
2430.001055203487,2891.794089519177,195237.74641167032,210291.66097401083
46889.834730905895,65465.085992425695,162906.74858139997,147718.36907110448
138687.59929209517,117813.46773580364,47105.51041430872,95369.98732772651
71548.12371098543,79578.62028598349,129758.19116050866,133604.83477754667
117852.95588914839,133979.87974478808,93036.18610442357,79203.57531874208
98899.80868093821,79529.26239437373,2716.61649572525,133654.19266915644
170526.55686101146,195329.3407019596,38299.12777934772,17854.114361570573
108470.97994745524,96208.91357142341,102832.70994240175,116974.54149210674
92039.15932148881,68001.57432350563,108602.26830348416,145181.88074002453
2430.001055203487,473.74101125224314,195237.74641167032,212709.71405227832
157064.6381262926,155002.13711910846,38723.73956165537,58181.3179444217
177800.52910853102,180929.57801116566,33455.1232451648,32253.877052364485
170526.55686101146,190315.58166620616,38299.12777934772,22867.873397323972
177800.52910853102,210202.8345344015,33455.1232451648,2980.6205291289266
182049.14650951055,192595.4602828578,18894.501601539556,20587.99478067237
168028.0180009506,173783.9942943815,38477.69870363917,39399.460769148696
170526.55686101146,190897.89819547473,38299.12777934772,22285.55686805548
15845.764316223183,13797.706952722952,171065.94651316426,199385.74811080724
114902.23722933084,119422.21325318128,92204.98357062394,93761.24181034887
100735.84515075949,169737.45648993485,86341.41574244454,43445.9985735953
71548.12371098543,80595.18953929574,129758.19116050866,132588.26552423442
29232.309620471377,17104.024427087872,170401.73291535198,196079.43063644227
93150.63886590989,210380.48741362078,72723.06278796554,2802.9676499093894
33321.61888299281,51539.074182488584,168834.53286911643,161644.38088104155
182049.14650951055,211150.31655690607,18894.501601539556,2033.1385066244068
185037.9697812541,201537.33173984897,5368.0918905102835,11646.123323681188
46889.834730905895,54707.21719523828,162906.74858139997,158476.23786829185
191086.03850868891,149603.4635117125,12450.662043226306,63579.99155181767
109917.91597181874,112434.54320681428,102307.77675980279,100748.91185671587
33321.61888299281,21357.814054352944,168834.53286911643,191825.64100917726
134084.19587530414,80565.570856488,58216.43708332505,132617.88420704214
182049.14650951055,191884.8487659794,18894.501601539556,21298.606297550716
179326.18680666314,161200.25855259676,2969.751971331785,51983.19651093341
33321.61888299281,4500.529737292383,168834.53286911643,208682.9253262376
64175.9025590542,45113.96171737948,132765.91204119276,168069.49334615064
185037.9697812541,210262.05216080754,5368.0918905102835,2921.402902722454
131801.08138068003,132637.62341584425,79739.36620812237,80545.8316476859
15934.458055912124,73873.98894215384,187069.50846072988,139309.46612137632
75275.28708194585,86487.34336674603,130070.2214632356,126696.1116967841
186607.6919750366,182686.37746416405,6620.488485861583,30497.077599366112
117852.95588914839,118405.64399986905,93036.18610442357,94777.81106366114
117852.95588914839,97018.21126270841,93036.18610442357,116165.24380082174
104333.09758565539,119826.87690323024,107588.10956949908,93356.57816029993
117852.95588914839,95439.07455853412,93036.18610442357,117744.38050499604
64175.9025590542,25848.493926453,132765.91204119276,187334.9611370772
168028.0180009506,199198.2256271866,38477.69870363917,13985.229436343621
71548.12371098543,72689.63641402319,129758.19116050866,140493.81864950695
33321.61888299281,41689.19912059706,168834.53286911643,171494.2559429331
191086.03850868891,198033.60243825373,12450.662043226306,15149.852625276471
185037.9697812541,205258.15285985093,5368.0918905102835,7925.302203679149
170526.55686101146,166431.14888517425,38299.12777934772,46752.30617835592
137648.60226416364,77821.83070258955,16034.661900666808,135361.62436094062
115973.04371599264,117764.12958340257,69197.42444165256,95419.3254801276
36310.945659949,19364.163834937306,165171.5418494572,193819.29122859286
36310.945659949,29480.498476449513,165171.5418494572,183702.95658708067
140804.69384259506,151982.03817237503,65929.23931173552,61201.41689115511
140804.69384259506,124603.75556375322,65929.23931173552,88579.69949977695
182773.95460771615,192279.64281162724,25340.50439965509,20903.812251902895
116002.58734788049,138766.6477489207,95667.73821498148,74416.80731460945
170526.55686101146,128403.56312777684,38299.12777934772,84779.8919357533
92039.15932148881,97166.24545912028,108602.26830348416,116017.20960440986
182049.14650951055,204932.46578421965,18894.501601539556,8250.989279310617
162085.95639791794,173882.69033839236,4370.929301157427,39300.76472513779
124101.70432227012,103976.28236547644,86163.31296406082,109207.17269805374
177800.52910853102,189417.44766570712,33455.1232451648,23766.007397823087
99374.35017224212,110302.70865617898,112498.79905256523,102880.74640735117
33321.61888299281,15574.225875314616,168834.53286911643,197609.22918821554
116002.58734788049,113066.19788848404,95667.73821498148,100117.25717504612
124101.70432227012,139763.4777934308,86163.31296406082,73419.97727009936
99374.35017224212,80980.10411093822,112498.79905256523,132203.35095259195
15934.458055912124,17666.591877949963,187069.50846072988,195516.86318558024
185037.9697812541,200224.66448489996,5368.0918905102835,12958.79057863028
140804.69384259506,147984.8483899339,65929.23931173552,65198.60667359626
2430.001055203487,5694.761739428541,195237.74641167032,207488.6933241017
20891.326884970713,19571.415657755828,186300.71104762063,193612.03940577435
64175.9025590542,73094.29019446779,132765.91204119276,140089.16486906237
134084.19587530414,135677.44183217108,58216.43708332505,77506.01323135909
179326.18680666314,190078.71116058002,2969.751971331785,23104.74390295015
100735.84515075949,182577.81181575207,86341.41574244454,30605.64324777811
15934.458055912124,16452.630536615896,187069.50846072988,196730.82452691422
66293.24749317655,135835.36537219287,129085.38474493574,77348.08969133726
141040.3330290733,189417.44766570712,50227.25282613535,23766.007397823087
191086.03850868891,67439.00687264353,12450.662043226306,145744.44819088661
191086.03850868891,183091.03124460875,12450.662043226306,30092.423818921416
168028.0180009506,190927.507008678,38477.69870363917,22255.94805485218
33321.61888299281,43929.60918924876,168834.53286911643,169253.8458742814
117852.95588914839,141559.73592482472,93036.18610442357,71623.71913870542
113118.51624434124,78897.6077127039,20657.372352503025,134285.84735082625
121214.72329431148,210183.0953255991,53093.313176366486,3000.3597379310836
140804.69384259506,154923.19015350394,65929.23931173552,58260.26491002621
64175.9025590542,44689.55885852824,132765.91204119276,168493.89620500192
66293.24749317655,33744.16757772015,129085.38474493574,179439.28748580997
64175.9025590542,43702.60828802372,132765.91204119276,169480.84677550648
64175.9025590542,33763.90678652231,132765.91204119276,179419.54827700785
113118.51624434124,98291.40010005326,20657.372352503025,114892.05496347691
138687.59929209517,96445.77420744518,47105.51041430872,116737.68085608497
75275.28708194585,55654.69921774286,130070.2214632356,157528.7558457873
191086.03850868891,197273.6527689741,12450.662043226306,15909.802294556006
64175.9025590542,66304.0023665183,132765.91204119276,146879.45269701187
114375.46481210068,205189.07549864787,73129.27260263341,7994.379564882331
156607.44129451693,163105.08233240276,54189.43076229372,50078.37273112742
61538.39518810232,63125.979879763145,137226.37989970625,150057.47518376703
182049.14650951055,180929.58788077012,18894.501601539556,32253.86718276
182049.14650951055,187779.10320473043,18894.501601539556,25404.351858799724
186607.6919750366,175076.91247092414,6620.488485861583,38106.542592606005
33321.61888299281,65287.4331132061,168834.53286911643,147896.02195032407
146231.48247530783,166816.0535872123,62870.1116924541,46367.40147631786
176011.99945108686,170151.97000517618,1017.4768812104417,43031.485058354
100735.84515075949,62395.62915408254,86341.41574244454,150787.82590944762
179326.18680666314,115000.6403510975,2969.751971331785,98182.81471243264
139227.90627428636,119372.86523117582,64936.869488235534,93810.58983235432
131801.08138068003,114240.67094260936,79739.36620812237,98942.78412092081
131801.08138068003,118800.42817591266,79739.36620812237,94383.02688761751
113118.51624434124,76163.73716320658,20657.372352503025,137019.7179003236
182049.14650951055,200589.83984774014,18894.501601539556,12593.615215790069
170526.55686101146,181788.2434636649,38299.12777934772,31395.211599865255
185037.9697812541,196947.95582373816,5368.0918905102835,16235.499239791976
170526.55686101146,176202.04737264838,38299.12777934772,36981.407690881824
168028.0180009506,174435.38818485336,38477.69870363917,38748.06687867677
182049.14650951055,181353.9907396213,18894.501601539556,31829.46432390889
156607.44129451693,144421.92120114056,54189.43076229372,68761.53386238958
156607.44129451693,143148.74223340015,54189.43076229372,70034.71283013001
45256.3405045367,24190.40038706997,109253.48577620293,188993.0546764602
56019.12569476837,29450.889663246275,151989.71845142703,183732.5654002839
99374.35017224212,70804.54197341517,112498.79905256523,142378.91309011498
176011.99945108686,192753.3739532752,1017.4768812104417,20430.08111025494
176011.99945108686,200451.665386125,1017.4768812104417,12731.789677405168
176011.99945108686,175215.07706293504,1017.4768812104417,37968.378000595134
45256.3405045367,12327.12602735617,109253.48577620293,200856.32903617393
15934.458055912124,33013.81685203955,187069.50846072988,180169.6382114906
185037.9697812541,187255.99443226392,5368.0918905102835,25927.46063126622
168028.0180009506,181590.85137564322,38477.69870363917,31592.603687886945
113431.08085863155,96475.39289025284,99192.64846121013,116708.06217327731
15934.458055912124,10106.484776319883,187069.50846072988,203076.97028721022
109917.91597181874,112513.49017241872,102307.77675980279,100669.96489111143
116603.15915253854,93445.42433911836,69095.95106493072,119738.03072441179
99374.35017224212,115089.4569211031,112498.79905256523,98093.99814242708
99374.35017224212,81424.24617859161,112498.79905256523,131759.20888493856
167392.28065450952,178699.05728612395,43734.65184748974,34484.3977774062
31321.135870894042,27220.36893820442,143320.77403039884,185963.0861253257
33321.61888299281,1056.0476709165825,168834.53286911643,212127.40739261275
108470.97994745524,144066.6154427014,102832.70994240175,69116.83962082877
126943.06439153079,102397.13579169771,70887.28001454097,110786.31927183244
131801.08138068003,123616.79512364425,79739.36620812237,89566.65993988591
15845.764316223183,88.82643960984547,171065.94651316426,213094.6286239154
141040.3330290733,152416.29089641862,50227.25282613535,60767.16416711153
156607.44129451693,154844.22344869087,54189.43076229372,58339.23161483928
20891.326884970713,1115.2652973230217,186300.71104762063,212068.18976620625
33321.61888299281,19985.948912205928,168834.53286911643,193197.50615132423
100735.84515075949,62602.9007161098,86341.41574244454,150580.55434742037
141040.3330290733,115839.53698598144,50227.25282613535,97343.91807754873
146231.48247530783,151695.81964474346,62870.1116924541,61487.6354187867
104484.60461403965,196819.65096652403,68122.76751346675,16363.804097006108
166572.3474529065,195477.3847679759,18625.722730719426,17706.07029555426
78158.67332493328,75956.47547078368,119537.65276788452,137226.97959274647
168028.0180009506,171859.43130577332,38477.69870363917,41324.02375775684
64175.9025590542,84039.68147527582,132765.91204119276,129143.77358825435
146231.48247530783,179380.05998979902,62870.1116924541,33803.39507373111
119810.50371730703,119343.26628757683,90516.85342798142,93840.18877595331
75275.28708194585,79815.48092200531,130070.2214632356,133367.97414152484
56019.12569476837,201705.1051450632,151989.71845142703,11478.349918466907
177800.52910853102,190749.8442598541,33455.1232451648,22433.610803676074
66293.24749317655,45360.70182740669,129085.38474493574,167822.75323612348
175936.75870452935,207271.56202727777,25732.38107275303,5911.893036252494
134068.0886172589,193385.0286349449,66784.47172947961,19798.426428585302
93150.63886590989,94165.89559079353,72723.06278796554,119017.55947273661
175936.75870452935,187009.26419184124,25732.38107275303,26174.19087168894
191086.03850868891,189072.01151166882,12450.662043226306,24111.443551861335
29232.309620471377,57549.65339314765,170401.73291535198,155633.8016703825
185037.9697812541,211298.3606229216,5368.0918905102835,1885.0944406080455
61538.39518810232,81315.6607909709,137226.37989970625,131867.79427255926
182049.14650951055,174040.61387841415,18894.501601539556,39142.84118511598
109917.91597181874,98370.34706565768,102307.77675980279,114813.10799787246
170526.55686101146,184492.51506956344,38299.12777934772,28690.939993966673
74003.91103955924,81226.84422096536,121751.43222087041,131956.61084256478
156607.44129451693,168454.40791779317,54189.43076229372,44729.04714573697
20891.326884970713,10234.779763929624,186300.71104762063,202948.6752996005
33623.022680780814,1006.6996489110686,156064.29185726383,212176.75541461902
45256.3405045367,24368.0433966852,109253.48577620293,188815.411666845
134084.19587530414,166065.96365272955,58216.43708332505,47117.491410800605
168028.0180009506,159946.80892405417,38477.69870363917,53236.64613947598
15845.764316223183,15880.19348135282,171065.94651316426,197303.26158217734
182049.14650951055,184610.95032237654,18894.501601539556,28572.504741153607
170526.55686101146,180445.97726511673,38299.12777934772,32737.477798413405
158040.6087948982,118306.94795585812,51252.49156826319,94876.50710767203
131801.08138068003,145428.63071965598,79739.36620812237,67754.82434387416
127968.91386611754,134512.83838244696,81510.50762493617,78670.61668108321
64175.9025590542,28789.636037977587,132765.91204119276,184393.81902555257
158040.6087948982,179103.72093617287,51252.49156826319,34079.734127357246
99374.35017224212,105328.4181684257,112498.79905256523,107855.03689510447
15845.764316223183,30753.68731379436,171065.94651316426,182429.76774973582
33321.61888299281,13156.182666652054,168834.53286911643,200027.27239687805
33321.61888299281,29184.41034441685,168834.53286911643,183999.0447191133
20667.69371052221,227.0107708294376,183250.12887134607,212956.444292697
140804.69384259506,154173.10021902123,65929.23931173552,59010.35484450892
45256.3405045367,107391.1654882534,109253.48577620293,105792.28957527678
191086.03850868891,212097.79857941016,12450.662043226306,1085.656484119767
146231.48247530783,103966.41276107528,62870.1116924541,109217.04230245488
33623.022680780814,10254.518972731841,156064.29185726383,202928.93609079835
46889.834730905895,39705.41850558245,162906.74858139997,173478.03655794772
176011.99945108686,197984.2642858526,1017.4768812104417,15199.190777677564
99374.35017224212,113747.20059215912,112498.79905256523,99436.25447137104
33623.022680780814,1460.7014513612585,156064.29185726383,211722.75361216842
191086.03850868891,179794.58337464498,12450.662043226306,33388.8716888852
15934.458055912124,187.51261401634994,187069.50846072988,212995.94244951813
156607.44129451693,163519.60571724852,54189.43076229372,49663.84934628163
131801.08138068003,142220.99941969768,79739.36620812237,70962.4556438325
66293.24749317655,40514.726066471805,129085.38474493574,172668.72899705835
104484.60461403965,28177.72056511005,68122.76751346675,185005.7344984201
33623.022680780814,27486.838387429507,156064.29185726383,185696.61667610062
95690.86122698784,57362.130909526975,85492.53676963848,155821.32415400317
15845.764316223183,4786.7482649239655,171065.94651316426,208396.70679860635
63672.31001334164,50127.720753132824,107319.91471539771,163055.73431039735
56019.12569476837,42399.82050707982,151989.71845142703,170783.63455645036
182049.14650951055,200076.6204188835,18894.501601539556,13106.834644646593
29232.309620471377,45370.561562203395,170401.73291535198,167812.89350132676
141040.3330290733,112789.82922604479,50227.25282613535,100393.62583748535
156607.44129451693,178067.4026044542,54189.43076229372,35116.05245907596
117852.95588914839,119757.77980281832,93036.18610442357,93425.67526071185
33623.022680780814,26934.140540968492,156064.29185726383,186249.31452256165
175936.75870452935,153442.73962373627,25732.38107275303,59740.71543979389
170526.55686101146,173872.83060359568,38299.12777934772,39310.6244599345
156607.44129451693,159246.06701157682,54189.43076229372,53937.38805195335
156607.44129451693,165000.04637741204,54189.43076229372,48183.408686118135
168028.0180009506,168938.01853344656,38477.69870363917,44245.436530083585
116002.58734788049,131996.08926016916,95667.73821498148,81187.365803361
66293.24749317655,171711.3773701527,129085.38474493574,41472.07769337744
191086.03850868891,175629.61031738517,12450.662043226306,37553.84474614498
92039.15932148881,66382.95920172698,108602.26830348416,146800.49586180318
182049.14650951055,212611.0180082663,18894.501601539556,572.4370552630717
177800.52910853102,172352.90165622352,33455.1232451648,40830.55340730667
179326.18680666314,172116.0311505974,2969.751971331785,41067.42391293274
185037.9697812541,181146.71917759412,5368.0918905102835,32036.73588593603
99374.35017224212,84987.17336738484,112498.79905256523,128196.28169614534
56019.12569476837,46041.704531081836,151989.71845142703,167141.7505324483
114902.23722933084,68238.44482913193,92204.98357062394,144945.0102343982
64175.9025590542,66284.26315771614,132765.91204119276,146899.19190581402
170526.55686101146,168888.67051144113,38299.12777934772,44294.78455208904
109917.91597181874,129449.73132468807,102307.77675980279,83733.72373884206
95690.86122698784,45370.561562203395,85492.53676963848,167812.89350132676
36310.945659949,27930.98045508284,165171.5418494572,185252.4746084473
170526.55686101146,170309.90341480233,38299.12777934772,42873.55164872783
126943.06439153079,71840.85043552947,70887.28001454097,141342.6046280007
126943.06439153079,79519.40265957695,70887.28001454097,133664.0524039532
134084.19587530414,201764.31290186534,58216.43708332505,11419.142161664866
33321.61888299281,14824.135940831853,168834.53286911643,198359.3191226983
100735.84515075949,79262.78307554424,86341.41574244454,133920.67198798593
15934.458055912124,29342.3338844386,187069.50846072988,183841.12117909157
179326.18680666314,210360.74820481896,2969.751971331785,2822.706858711547
168028.0180009506,173557.0032627607,38477.69870363917,39626.4518007695
170526.55686101146,192042.77230600113,38299.12777934772,21140.682757529023
182773.95460771615,141628.83302523664,25340.50439965509,71554.6220382935
162085.95639791794,168681.40881901822,4370.929301157427,44502.04624451192
182049.14650951055,178501.67506770647,18894.501601539556,34681.77999582371
182773.95460771615,179123.45027537088,25340.50439965509,34060.004788159276
158040.6087948982,165493.53646707078,51252.49156826319,47689.91859645941
31321.135870894042,3424.762596782432,143320.77403039884,209758.69246674763
156607.44129451693,148646.11188480683,54189.43076229372,64537.34317872333
45256.3405045367,69087.22093802107,109253.48577620293,144096.2341255091
126943.06439153079,191608.4998427488,70887.28001454097,21574.955220781325
176011.99945108686,143020.43737618593,1017.4768812104417,70163.01768734421
66293.24749317655,51233.10657645053,129085.38474493574,161950.3484870796
116002.58734788049,124653.10358575865,95667.73821498148,88530.3514777715
92039.15932148881,70399.88819297035,108602.26830348416,142783.56687055982
185037.9697812541,212147.1564710192,5368.0918905102835,1036.2985925100743
179326.18680666314,206955.72481683828,2969.751971331785,6227.7302466918045
185037.9697812541,210982.53328208748,5368.0918905102835,2200.9217814429253
170526.55686101146,198013.87309905593,38299.12777934772,15169.58196447427
168028.0180009506,180169.6382114906,38477.69870363917,33013.816852039534
116002.58734788049,136161.06231742882,95667.73821498148,77022.39274610134
116603.15915253854,119185.34274755514,69095.95106493072,93998.112315975
75275.28708194585,78413.99709705057,130070.2214632356,134769.45796647962
75275.28708194585,104282.23023230575,130070.2214632356,108901.22483122442
170526.55686101146,196286.69232886517,38299.12777934772,16896.76273466491
131801.08138068003,134710.23047046864,79739.36620812237,78473.22459306153
131801.08138068003,124633.36437695638,79739.36620812237,88550.09068657378
33321.61888299281,80772.84241851527,168834.53286911643,132410.6126450149
117852.95588914839,123172.66292559516,93036.18610442357,90010.79213793499
185037.9697812541,205850.33899352074,5368.0918905102835,7333.116070009395
156607.44129451693,163381.4411252375,54189.43076229372,49802.01393829267
139227.90627428636,96347.08803303863,64936.869488235534,116836.36703049151
126099.97802483408,204320.5503113519,61136.95602741794,8862.90475217822
64175.9025590542,50009.28550031976,132765.91204119276,163174.1695632104
63672.31001334164,73785.15263293966,107319.91471539771,139398.3024305905
182049.14650951055,96041.12042700058,18894.501601539556,117142.33463652959
134068.0886172589,195694.5259344041,66784.47172947961,17488.92912912605
185037.9697812541,211041.74103888983,5368.0918905102835,2141.714024640763
66293.24749317655,171257.38543730686,129085.38474493574,41926.0696262233
182049.14650951055,175935.5680538189,18894.501601539556,37247.88700971125
139227.90627428636,67636.39896066535,64936.869488235534,145547.0561028648
156607.44129451693,166677.88899520139,54189.43076229372,46505.566068328764
182773.95460771615,190019.49353417347,25340.50439965509,23163.961529356693
168028.0180009506,186496.05463258887,38477.69870363917,26687.400430941278
170526.55686101146,190907.75793027153,38299.12777934772,22275.697133258647
156607.44129451693,164930.9690162086,54189.43076229372,48252.48604732157
124101.70432227012,130969.66027206008,86163.31296406082,82213.79479147006
131801.08138068003,129291.81765427058,79739.36620812237,83891.63740925957
170526.55686101146,185252.4746084473,38299.12777934772,27930.98045508283
185609.3697682436,192299.37215082507,13337.816266218988,20884.082912705042
176011.99945108686,180791.41341915494,1017.4768812104417,32392.041644375222
139227.90627428636,117359.46593335361,64936.869488235534,95823.98913017655
168028.0180009506,180929.58788077012,38477.69870363917,32253.86718276
114902.23722933084,116629.12507727725,92204.98357062394,96554.32998625292
95690.86122698784,45360.70182740669,85492.53676963848,167822.75323612348
170526.55686101146,183288.42333263057,38299.12777934772,29895.031730899602
117852.95588914839,118711.61160590708,93036.18610442357,94471.84345762308
191086.03850868891,198665.26698952785,12450.662043226306,14518.188074002353
182049.14650951055,174030.73440440872,18894.501601539556,39152.72065912143
117852.95588914839,68149.62825912636,93036.18610442357,145033.82680440383
177800.52910853102,157479.3979541775,33455.1232451648,55704.057109352674
179859.91686931753,13047.607148635758,31633.02904949915,200135.84791489437
74003.91103955924,62158.75864845641,121751.43222087041,151024.69641507376
114375.46481210068,112987.23118367094,73129.27260263341,100196.22387985923
175936.75870452935,200885.93784937717,25732.38107275303,12297.517214152986
127968.91386611754,114201.20239460935,81510.50762493617,98982.25266892082
140804.69384259506,151044.42575427165,65929.23931173552,62139.02930925849
99374.35017224212,95774.64110817117,112498.79905256523,117408.81395535899
162085.95639791794,194293.03223984514,4370.929301157427,18890.422823685025
177800.52910853102,191420.9674895237,33455.1232451648,21762.48757400643
185037.9697812541,178018.0644520532,5368.0918905102835,35165.39061147698
93150.63886590989,151557.6451831282,72723.06278796554,61625.80988040196
141040.3330290733,205238.42352065333,50227.25282613535,7945.031542876876
99374.35017224212,104380.93614592106,112498.79905256523,108802.51891760908
100735.84515075949,179182.66790177734,86341.41574244454,34000.7871617528
66293.24749317655,68386.47902554381,129085.38474493574,144796.97603798631
141040.3330290733,112197.66283158379,50227.25282613535,100985.79223194638
124101.70432227012,161930.6092782774,86163.31296406082,51252.84578525274
170526.55686101146,188746.32443603725,38299.12777934772,24437.130627492927
179326.18680666314,207281.43163167872,2969.751971331785,5902.023431851356
185037.9697812541,95429.2148237374,5368.0918905102835,117754.24023979274
182049.14650951055,197036.782263348,18894.501601539556,16146.672800182138
191086.03850868891,179774.84416584272,12450.662043226306,33408.610897687475
15845.764316223183,7925.302203679141,171065.94651316426,205258.15285985093
46889.834730905895,69570.83155367452,162906.74858139997,143612.62350985565
92039.15932148881,69985.35493852025,108602.26830348416,143198.10012500992
108470.97994745524,118158.9038898419,102832.70994240175,95024.55117368828
46889.834730905895,44738.9068805337,162906.74858139997,168444.54818299643
100735.84515075949,201438.625826234,86341.41574244454,11744.829237296213
168028.0180009506,178876.71016534348,38477.69870363917,34306.74489818666
156607.44129451693,171040.25414048284,54189.43076229372,42143.20092304728
109917.91597181874,104746.1115087614,102307.77675980279,108437.34355476875
71548.12371098543,72590.94037001228,129758.19116050866,140592.51469351788
162085.95639791794,209660.00629234102,4370.929301157427,3523.448771188918
170526.55686101146,199356.1491672082,38299.12777934772,13827.305896321932
185037.9697812541,169411.76941430315,5368.0918905102835,43771.685649227016
182049.14650951055,162433.959102733,18894.501601539556,50749.49596079719
127968.91386611754,138519.89776928912,81510.50762493617,74663.55729424104
92039.15932148881,76153.8675588055,108602.26830348416,137029.58750472462
20667.69371052221,17834.375152768484,183250.12887134607,195349.07991076168
33321.61888299281,13866.794183530503,168834.53286911643,199316.66087999966
182773.95460771615,195655.03764719554,25340.50439965509,17528.417416334672
170526.55686101146,183318.042015438,38299.12777934772,29865.413048092116
182049.14650951055,211703.00453376194,18894.501601539556,1480.4505297677065
182049.14650951055,212581.41906466862,18894.501601539556,602.0359988621292
15934.458055912124,6760.679014746185,187069.50846072988,206422.77604878406
78158.67332493328,76874.34868008504,119537.65276788452,136309.10638344512
131801.08138068003,116086.28696561308,79739.36620812237,97097.16809791709
140804.69384259506,109147.9550716472,65929.23931173552,104035.49999188297
146231.48247530783,68050.93221511545,62870.1116924541,145132.5228484147
156607.44129451693,168069.4933461507,54189.43076229372,45113.961717379476
66293.24749317655,171415.28923812005,129085.38474493574,41768.16582541012
117852.95588914839,78335.05013144623,93036.18610442357,134848.40493208394
191086.03850868891,182706.11667296628,12450.662043226306,30477.338390563906
141040.3330290733,99594.17801139267,50227.25282613535,113589.27705213748
175936.75870452935,205060.76077182917,25732.38107275303,8122.694291700965
158040.6087948982,182617.3001029608,51252.49156826319,30566.154960569365
74003.91103955924,61260.62464795728,121751.43222087041,151922.83041557288
191086.03850868891,199810.1411000541,12450.662043226306,13373.31396347602
94575.77080429126,72620.53931361108,79449.74300423387,140562.91574991908
134068.0886172589,113687.97309614836,66784.47172947961,99495.48196738181
182049.14650951055,208219.0539193866,18894.501601539556,4964.401144143616
182049.14650951055,185676.86759769413,18894.501601539556,27506.587465836023
131801.08138068003,124179.36257450627,79739.36620812237,89004.09248902388
185609.3697682436,146820.23507060527,13337.816266218988,66363.21999292487
98899.80868093821,206807.68075082204,2716.61649572525,6375.774312708166
168028.0180009506,195003.64375672356,38477.69870363917,18179.811306806587
66293.24749317655,34701.52907423018,129085.38474493574,178481.92598929995
168028.0180009506,213005.80218430748,38477.69870363917,177.65287921963275
170501.24572830377,172037.07431538863,42642.751089841724,41146.3807481415
64175.9025590542,53641.29991992064,132765.91204119276,159542.15514360953
98899.80868093821,119747.9200680216,2716.61649572525,93435.53499550854
139227.90627428636,163529.48519125397,64936.869488235534,49653.96987227618
33321.61888299281,47986.00672849208,168834.53286911643,165197.44833503806
33321.61888299281,60954.67678112785,168834.53286911643,152228.77828240232
78158.67332493328,45074.473430170736,119537.65276788452,168108.98163335942
15934.458055912124,191578.90089914986,187069.50846072988,21604.554164380264
98899.80868093821,96988.59257990075,2716.61649572525,116194.86248362942
109917.91597181874,122471.92101311791,102307.77675980279,90711.53405041226
134068.0886172589,161743.07692505245,66784.47172947961,51440.37813847773
95690.86122698784,174889.38998730353,85492.53676963848,38294.06507622661
191086.03850868891,182706.11667296628,12450.662043226306,30477.338390563906
182049.14650951055,206778.0818072233,18894.501601539556,6405.3732563069825
191086.03850868891,180140.01952868298,12450.662043226306,33043.43553484714
140804.69384259506,152712.3888980556,65929.23931173552,60471.06616547456
78319.49183134947,116757.41019528276,108633.19231361411,96426.04486824738
185037.9697812541,187759.354126324,5368.0918905102835,25424.10093720619
126943.06439153079,198013.86322945147,70887.28001454097,15169.591834078752
182049.14650951055,192960.64551530234,18894.501601539556,20222.8095482278
131801.08138068003,142201.2602108955,79739.36620812237,70982.19485263464
15845.764316223183,200343.0997377129,171065.94651316426,12840.355325817287
182773.95460771615,179419.5482770078,25340.50439965509,33763.90678652236
168028.0180009506,174356.44121924893,38477.69870363917,38827.013844281224
98899.80868093821,201172.14650740454,2716.61649572525,12011.30855612564
170526.55686101146,188361.40986439475,38299.12777934772,24822.045199135413
156607.44129451693,174050.4736132109,54189.43076229372,39132.98145031926
64175.9025590542,181432.94757483003,132765.91204119276,31750.50748870014
33321.61888299281,47097.7522019984,168834.53286911643,166085.70286153175
20891.326884970713,38876.36186628656,186300.71104762063,174307.09319724358
64175.9025590542,51864.761258120176,132765.91204119276,161318.69380540997
66293.24749317655,62987.815287752295,129085.38474493574,150195.63977577788
185037.9697812541,195970.8649880302,5368.0918905102835,17212.59007549991
158986.31351391342,143691.57047546003,36438.19538536289,69491.88458807013
162085.95639791794,200767.49272695972,4370.929301157427,12415.96233657036
33321.61888299281,12998.268996234734,168834.53286911643,200185.1860672955
156607.44129451693,179616.9403650296,54189.43076229372,33566.51469850054
74003.91103955924,49782.28459909471,121751.43222087041,163401.17046443545
113431.08085863155,96633.29669106605,99192.64846121013,116550.15837246412
158040.6087948982,174307.0931972435,51252.49156826319,38876.361866286665
162085.95639791794,207202.4846660745,4370.929301157427,5980.970397455746
115919.59795604808,75374.16881111944,76406.5174230072,137809.28625241073
126943.06439153079,191983.54480999027,70887.28001454097,21199.910253539925
162470.4157099994,100817.99908752342,45586.89018519797,112365.45597600672
141040.3330290733,84967.42428897825,50227.25282613535,128216.03077455192
156607.44129451693,166668.0095211959,54189.43076229372,46515.445542334215
168028.0180009506,169540.06440191303,38477.69870363917,43643.39066161712
163151.77543448322,174425.5185804523,46192.91017324403,38757.93648307784
168028.0180009506,171780.46460096037,38477.69870363917,41402.99046256978
185037.9697812541,171760.7352617624,5368.0918905102835,41422.71980176775
15934.458055912124,493.49008965892415,187069.50846072988,212689.96497387235
20667.69371052221,34385.701733395304,183250.12887134607,178797.75333013484
75275.28708194585,45548.224311027305,130070.2214632356,167635.23075250286
117852.95588914839,131443.39141370816,93036.18610442357,81740.063649822
134084.19587530414,94777.81106366108,58216.43708332505,118405.64399986909
191086.03850868891,172915.46910708555,12450.662043226306,40267.98595644458
141040.3330290733,201517.5826614425,50227.25282613535,11665.872402087583
156607.44129451693,147886.15234592298,54189.43076229372,65297.30271760717
167392.28065450952,173833.34231638693,43734.65184748974,39350.112747143234
92039.15932148881,71357.239819876,108602.26830348416,141826.21524365412
170526.55686101146,183298.3028066359,38299.12777934772,29885.15225689427
134084.19587530414,191184.0969838976,58216.43708332505,21999.358079632566
166572.3474529065,196701.20584410656,18625.722730719426,16482.249219423604
158040.6087948982,185134.0492252386,51252.49156826319,28049.40583829159
141040.3330290733,101844.44781484109,50227.25282613535,111339.00724868909
185609.3697682436,156275.3160868489,13337.816266218988,56908.13897668123
167392.28065450952,169836.15253394577,43734.65184748974,43347.30252958439
158040.6087948982,172017.3351065865,51252.49156826319,41166.11995694365
117852.95588914839,78473.2344626659,93036.18610442357,134710.22060086424
191086.03850868891,187739.6149175218,12450.662043226306,25443.840146008348
158040.6087948982,158328.19380227558,51252.49156826319,54855.26126125458
33321.61888299281,65504.56441003007,168834.53286911643,147678.8906535001
115973.04371599264,98350.60785685552,69197.42444165256,114832.84720667462
124101.70432227012,139467.38966139808,86163.31296406082,73716.0654021321
66293.24749317655,32836.173842424316,129085.38474493574,180347.2812211058
15934.458055912124,45469.257606214305,187069.50846072988,167714.19745731584
182049.14650951055,182587.6814201532,18894.501601539556,30595.77364337697
33321.61888299281,47768.875431668115,168834.53286911643,165414.57963186203
166572.3474529065,168839.32248943573,18625.722730719426,44344.13257409442
140804.69384259506,155357.4428775477,65929.23931173552,57826.01218598246
179326.18680666314,190374.79929261273,2969.751971331785,22808.65577091743
139227.90627428636,96278.00080223102,64936.869488235534,116905.45426129914
167392.28065450952,162157.6003098982,43734.65184748974,51025.85475363194
15845.764316223183,200362.83894651517,171065.94651316426,12820.616117015006
182049.14650951055,118030.60890223198,18894.501601539556,95152.84616129816
140804.69384259506,165434.30897105986,65929.23931173552,47749.14609247032
33321.61888299281,16235.499239791925,168834.53286911643,196947.95582373827
20667.69371052221,103107.75717818055,183250.12887134607,110075.69788534963
168028.0180009506,174672.26856008382,38477.69870363917,38511.18650344634
99374.35017224212,80220.15444165868,112498.79905256523,132963.30062187146
185609.3697682436,195783.34250440975,13337.816266218988,17400.11255912047
78319.49183134947,103048.52968216957,108633.19231361411,110134.92538136058
158040.6087948982,159818.51393644427,51252.49156826319,53364.94112708587
141040.3330290733,162522.76580313407,50227.25282613535,50660.689260396095
99374.35017224212,100462.70319868867,112498.79905256523,112720.75186484148
113118.51624434124,153580.91408535163,20657.372352503025,59602.54097817856
166572.3474529065,119649.21415440623,18625.722730719426,93534.24090912394
2430.001055203487,6908.732950366949,195237.74641167032,206274.72211316312
15845.764316223183,6908.732950366949,171065.94651316426,206274.72211316312
146231.48247530783,164516.4456313629,62870.1116924541,48667.00943216723
131801.08138068003,143652.0920578557,79739.36620812237,69531.36300567446
117852.95588914839,103847.9775082622,93036.18610442357,109335.47755526793
182049.14650951055,192121.71927160546,18894.501601539556,21061.735791924704
167392.28065450952,187344.84061108253,43734.65184748974,25838.614452447666
66293.24749317655,77802.08162418302,129085.38474493574,135381.37343934714
117852.95588914839,122827.23664116129,93036.18610442357,90356.21842236885
92039.15932148881,67794.31263108287,108602.26830348416,145389.1424324473
109917.91597181874,112168.06388798484,102307.77675980279,101015.3911755453
182049.14650951055,198981.09433036257,18894.501601539556,14202.360733167594
132026.11220340926,85480.64371783487,53472.431828049404,127702.81134569529
46889.834730905895,56019.874580583135,162906.74858139997,157163.58048294703
168028.0180009506,189210.19584288835,38477.69870363917,23973.259220641805
33321.61888299281,45222.517496187036,168834.53286911643,167960.9375673431
126099.97802483408,178531.27401130545,61136.95602741794,34652.18105222472
126943.06439153079,153225.6083269124,70887.28001454097,59957.846736617794
167392.28065450952,167072.66330164068,43734.65184748974,46110.79176188945
56019.12569476837,61892.27932962698,151989.71845142703,151291.17573390316
116002.58734788049,108486.70144637857,95667.73821498148,104696.75361715158
168028.0180009506,208653.30664343006,38477.69870363917,4530.148420100101
33321.61888299281,1273.1789677404618,168834.53286911643,211910.27609578904
100735.84515075949,81088.66975935016,86341.41574244454,132094.78530418
182049.14650951055,192190.8065024131,18894.501601539556,20992.64856111709
33321.61888299281,236.86063602180374,168834.53286911643,212946.5944275107
126099.97802483408,72502.10406079804,61136.95602741794,140681.35100273212
156607.44129451693,103838.1177734655,54189.43076229372,109345.33729006466
185609.3697682436,201675.49633185993,13337.816266218988,11507.958731670155
36310.945659949,27773.0667846654,165171.5418494572,185410.38827886476
92039.15932148881,80792.58162731747,108602.26830348416,132390.87343621269
126943.06439153079,93484.8928871184,70887.28001454097,119698.56217641178
182049.14650951055,208357.20864179294,18894.501601539556,4826.246421737062
168028.0180009506,195270.12307555304,38477.69870363917,17913.33198797716
33623.022680780814,13383.183567877106,156064.29185726383,199800.27149565308
66293.24749317655,20893.95251710613,129085.38474493574,192289.50254642408
115973.04371599264,102880.75627695554,69197.42444165256,110302.69878657463
137648.60226416364,65455.2065184203,16034.661900666808,147728.24854510985
99374.35017224212,94540.94055803496,112498.79905256523,118642.51450549523
146231.48247530783,154636.9716258724,62870.1116924541,58546.48343765779
114375.46481210068,79114.73900952788,73129.27260263341,134068.71605400226
139227.90627428636,167131.8809280473,64936.869488235534,46051.57413548286
126943.06439153079,182548.2030025488,70887.28001454097,30635.252060981336
20667.69371052221,4648.573803308684,183250.12887134607,208534.88126022133
126099.97802483408,181580.981771242,61136.95602741794,31602.473292288134
134084.19587530414,80279.35232885643,58216.43708332505,132904.1027346737
78158.67332493328,77051.9916897002,119537.65276788452,136131.46337382996
191086.03850868891,209156.6564678855,12450.662043226306,4026.7985956445445
191086.03850868891,116619.2456032719,12450.662043226306,96564.20946025824
162085.95639791794,199208.0952315878,4370.929301157427,13975.35983194241
61538.39518810232,52022.684798141985,137226.37989970625,161160.7702653882
92039.15932148881,130436.69176479698,108602.26830348416,82746.76329873316
185037.9697812541,206511.59261878938,5368.0918905102835,6671.862444740768
33623.022680780814,207153.13664406896,156064.29185726383,6030.3184194611995
138687.59929209517,96317.45948062661,47105.51041430872,116865.99558290355
113118.51624434124,110134.92538136046,20657.372352503025,103048.5296821697
64175.9025590542,48005.74593729425,132765.91204119276,165177.70912623592
170526.55686101146,152988.74769089048,38299.12777934772,60194.70737263969
114375.46481210068,93761.24181034887,73129.27260263341,119422.21325318128
16871.91470435972,22542.176452088115,190306.45184695325,190641.27861144207
141040.3330290733,150886.51208385415,50227.25282613535,62296.94297967604
182773.95460771615,125689.42191747738,25340.50439965509,87494.0331460528
117852.95588914839,118997.83013353866,93036.18610442357,94185.6249299915
179326.18680666314,201636.02778385993,2969.751971331785,11547.42727967028
163151.77543448322,188805.52232323503,46192.91017324403,24377.93274029512
115973.04371599264,143967.91939869046,69197.42444165256,69215.53566483968
140804.69384259506,105693.59353126593,65929.23931173552,107489.86153226423
156607.44129451693,166746.97622600902,54189.43076229372,46436.47883752116
99374.35017224212,80634.66795690006,112498.79905256523,132548.78710663013
185037.9697812541,200510.8731429271,5368.0918905102835,12672.581920603128
182049.14650951055,206738.60338961883,18894.501601539556,6444.8516739114175
20667.69371052221,29510.11715925712,183250.12887134607,183673.33790427304
138687.59929209517,200668.79668294897,47105.51041430872,12514.658380581197
146231.48247530783,143286.91669501536,62870.1116924541,69896.5383685148
158040.6087948982,160400.82059610862,51252.49156826319,52782.634467421565
116603.15915253854,122669.3131011396,69095.95106493072,90514.14196239054
182049.14650951055,205455.55481747715,18894.501601539556,7727.900246052974
121214.72329431148,119925.56307763679,53093.313176366486,93257.89198589338
99374.35017224212,96741.87220908228,112498.79905256523,116441.58285444789
109917.91597181874,111704.1826115293,102307.77675980279,101479.27245200085
126943.06439153079,159127.6218891593,70887.28001454097,54055.83317437089
20667.69371052221,7954.911016882437,183250.12887134607,205228.54404664767
100735.84515075949,79677.31632999438,86341.41574244454,133506.13873353574
126943.06439153079,205179.19602464238,70887.28001454097,8004.259038887899
182049.14650951055,204300.82097215418,18894.501601539556,8882.634091376016
168028.0180009506,199217.96483598877,38477.69870363917,13965.490227541464
15934.458055912124,11537.57741447786,187069.50846072988,201645.8776490523
66293.24749317655,42409.68024187659,129085.38474493574,170773.77482165355
71548.12371098543,81888.11758544274,129758.19116050866,131295.33747808743
75275.28708194585,67942.3468274948,130070.2214632356,145241.10823603536
92039.15932148881,85411.54661742295,108602.26830348416,127771.9084461072
156607.44129451693,131403.92286570815,54189.43076229372,81779.532197822
167392.28065450952,179587.33155182627,43734.65184748974,33596.12351170384
182049.14650951055,202445.325475145,18894.501601539556,10738.129588385173
15934.458055912124,19837.894976585194,187069.50846072988,193345.56008694493
100735.84515075949,73222.59505168187,86341.41574244454,139960.8600118483
78319.49183134947,104528.970342333,108633.19231361411,108654.48472119715
185609.3697682436,202563.7607279581,13337.816266218988,10619.694335572109
163151.77543448322,167250.30631125587,46192.91017324403,45933.14875227427
114375.46481210068,113026.699731671,73129.27260263341,100156.75533185917
115973.04371599264,103088.02783898269,69197.42444165256,110095.42722454749
126943.06439153079,101439.79403439643,70887.28001454097,111743.66102913373
124101.70432227012,124860.3751477858,86163.31296406082,88323.07991574435
33623.022680780814,97738.69238398793,156064.29185726383,115444.76267954223
156607.44129451693,168257.01582977147,54189.43076229372,44926.43923375867
175936.75870452935,194095.64015182332,25732.38107275303,19087.814911706846
179326.18680666314,210972.6636776863,2969.751971331785,2210.791385844135
162085.95639791794,199217.96483598877,4370.929301157427,13965.490227541392
33321.61888299281,73765.42329374187,168834.53286911643,139418.03176978827
170526.55686101146,173902.42954719454,38299.12777934772,39281.02551633563
191086.03850868891,183357.5105634382,12450.662043226306,29825.944500091988
170526.55686101146,195961.00525323354,38299.12777934772,17222.44981029662
139227.90627428636,119511.04956239538,64936.869488235534,93672.40550113481
64175.9025590542,80160.92694564773,132765.91204119276,133022.5281178824
158040.6087948982,163677.51938766593,51252.49156826319,49505.93567586425
162470.4157099994,203965.24455291277,45586.89018519797,9218.210510617486
182049.14650951055,211120.69787409823,18894.501601539556,2062.757189432133
33623.022680780814,1213.9613413339293,156064.29185726383,211969.49372219673
156607.44129451693,169480.84677550656,54189.43076229372,43702.60828802359
170526.55686101146,169026.85484266066,38299.12777934772,44156.600220869506
131801.08138068003,119876.22492523569,79739.36620812237,93307.23013829447
66293.24749317655,38086.803383803795,129085.38474493574,175096.65167972638
64175.9025590542,53631.42044591513,132765.91204119276,159552.03461761505
16871.91470435972,1381.7446161524479,190306.45184695325,211801.71044737782
170526.55686101146,164921.08954220315,38299.12777934772,48262.36552132701
182049.14650951055,175491.44572537416,18894.501601539556,37692.00933815603
170526.55686101146,122481.79061751893,38299.12777934772,90701.66444601121
114902.23722933084,153077.56426089603,92204.98357062394,60105.89080263411
33321.61888299281,14863.624228040597,168834.53286911643,198319.83083548959
185037.9697812541,182597.55102455433,5368.0918905102835,30585.904038975837
124101.70432227012,162236.55714510684,86163.31296406082,50946.89791842331
114902.23722933084,119441.95246198344,92204.98357062394,93741.50260154672
163151.77543448322,174820.30275649583,46192.91017324403,38363.15230703433
191086.03850868891,205485.16363068062,12450.662043226306,7698.291432849607
64175.9025590542,28661.331180763445,132765.91204119276,184522.1238827667
92039.15932148881,75986.07441438256,108602.26830348416,137197.3806491476
146231.48247530783,154666.57056947134,62870.1116924541,58516.88449405881
166572.3474529065,197727.65457142427,18625.722730719426,15455.800492105853
74003.91103955924,191855.23995277606,121751.43222087041,21328.21511075413
99374.35017224212,105249.46133321695,112498.79905256523,107933.99373031319
33321.61888299281,23696.920167015553,168834.53286911643,189486.53489651464
64175.9025590542,83200.7651011832,132765.91204119276,129982.68996234692
182049.14650951055,198230.9945262754,18894.501601539556,14952.46053725478
33321.61888299281,17252.068493104114,168834.53286911643,195931.386570426
115919.59795604808,71673.05729110652,76406.5174230072,141510.39777242363
158040.6087948982,174139.309922425,51252.49156826319,39044.1451411052
156607.44129451693,156107.5328120304,54189.43076229372,57075.922251499745
2430.001055203487,27200.629729402324,195237.74641167032,185982.82533412782
66293.24749317655,101489.14205640189,129085.38474493574,111694.31300712828
121214.72329431148,120162.43358326291,53093.313176366486,93021.02148026724
92039.15932148881,168859.0616982379,108602.26830348416,44324.393365292264
191086.03850868891,124811.02712578035,12450.662043226306,88372.4279377498
156607.44129451693,179340.58157219487,54189.43076229372,33842.8734913353
116002.58734788049,137256.58840594982,95667.73821498148,75926.86665758034
20891.326884970713,49792.15420349579,186300.71104762063,163391.3008600344
140804.69384259506,159127.63175876377,65929.23931173552,54055.82330476642
131801.08138068003,151409.6011171119,79739.36620812237,61773.853946418276
186607.6919750366,209502.09262192372,6620.488485861583,3681.362441606368
141040.3330290733,111931.18351275437,50227.25282613535,101252.2715507758
167392.28065450952,173359.61117473885,43734.65184748974,39823.84388879131
64175.9025590542,42863.69191393113,132765.91204119276,170319.76314959905
109917.91597181874,96810.95943988988,102307.77675980279,116372.49562364028
182049.14650951055,211505.61244574035,18894.501601539556,1677.8426177896422
191086.03850868891,168967.62734664988,12450.662043226306,44215.82771688029
2430.001055203487,12396.223127768304,195237.74641167032,200787.23193576187
177800.52910853102,191115.01962269447,33455.1232451648,22068.435440835747
100735.84515075949,201241.2337382121,86341.41574244454,11942.221325318029
146231.48247530783,133565.3563599423,62870.1116924541,79618.09870358785
33623.022680780814,22917.221419329526,156064.29185726383,190266.23364420066
33623.022680780814,27536.196279039363,156064.29185726383,185647.25878449078
176011.99945108686,210281.80123921417,1017.4768812104417,2901.6538243159375
182049.14650951055,122758.14941035378,18894.501601539556,90425.30565317634
110480.34457117564,97995.31196802053,102703.09707255279,115188.14309550963
126943.06439153079,79430.56635036276,70887.28001454097,133752.8887131674
126099.97802483408,172846.3720066735,61136.95602741794,40337.083056856674
134084.19587530414,115859.28606438807,58216.43708332505,97324.1689991421
170526.55686101146,175600.00150418188,38299.12777934772,37583.45355934829
185609.3697682436,210735.79317206,13337.816266218988,2447.6618914701944
95690.86122698784,198527.09252791246,85492.53676963848,14656.362535617696
170526.55686101146,183239.0753106251,38299.12777934772,29944.379752905057
170526.55686101146,162818.86380477116,38299.12777934772,50364.59125875901
140804.69384259506,150383.1622593986,65929.23931173552,62800.292804131546
117852.95588914839,109266.40019406458,93036.18610442357,103917.05486946559
113118.51624434124,118050.33824142978,20657.372352503025,95133.11682210038
74003.91103955924,185716.3460152985,121751.43222087041,27467.10904823164
92039.15932148881,77851.42964618848,108602.26830348416,135332.02541734168
168028.0180009506,189723.40540214075,38477.69870363917,23460.049661389417
166572.3474529065,191618.36944714986,18625.722730719426,21565.085616380256
93150.63886590989,158091.32329664935,72723.06278796554,55092.13176688082
76823.67725183173,68731.93491879066,135098.27672066004,144451.52014473948
154909.25363784714,158199.89881466568,58036.63385838026,54983.55624886447
167392.28065450952,183495.68502505336,43734.65184748974,29687.770038476767
182049.14650951055,194322.6410530485,18894.501601539556,18860.814010481732
146231.48247530783,175738.1858354015,62870.1116924541,37445.269228128636
95690.86122698784,55151.339523683,85492.53676963848,158032.11553984717
98899.80868093821,116244.20063603054,2716.61649572525,96939.25442749959
121214.72329431148,50887.67042241242,53093.313176366486,162295.78464111776
46889.834730905895,191223.58527110633,162906.74858139997,21959.86979242382
114375.46481210068,113934.71320617557,73129.27260263341,99248.74185735459
66293.24749317655,166470.60756356976,129085.38474493574,46712.847499960386
99374.35017224212,119126.13499075286,112498.79905256523,94057.3200727773
116002.58734788049,123893.15391647912,95667.73821498148,89290.30114705104
177800.52910853102,191351.88025871612,33455.1232451648,21831.574804814045
167392.28065450952,182785.08337777932,43734.65184748974,30398.371685750848
140804.69384259506,132627.74394183882,65929.23931173552,80555.71112169135
104484.60461403965,21505.858120369303,68122.76751346675,191677.59694316084
134084.19587530414,77160.56720771661,58216.43708332505,136022.88785581355
177800.52910853102,191263.06368871074,33455.1232451648,21920.39137481938
108470.97994745524,144056.74583830035,102832.70994240175,69126.7092252298
168028.0180009506,192842.2102624893,38477.69870363917,20341.244801040863
185037.9697812541,211663.5458553665,5368.0918905102835,1519.9092081633523
75275.28708194585,192378.3289860338,130070.2214632356,20805.126077496345
185037.9697812541,191075.54120509012,5368.0918905102835,22107.913858440057
100735.84515075949,74604.32979823009,86341.41574244454,138579.12526530007
185037.9697812541,203846.79943049527,5368.0918905102835,9336.655633034912
98899.80868093821,201497.833583036,2716.61649572525,11685.621480494172
141040.3330290733,93129.58712867917,50227.25282613535,120053.86793485098
115919.59795604808,77989.61397740807,76406.5174230072,135193.8410861221
66293.24749317655,21150.562231534477,129085.38474493574,192032.8928319957
33321.61888299281,41699.07859460257,168834.53286911643,171484.37646892757
31321.135870894042,16156.532534978925,143320.77403039884,197026.9225285512
156607.44129451693,166697.62820400356,54189.43076229372,46485.82685952661
182049.14650951055,163381.4411252375,18894.501601539556,49802.01393829267
127968.91386611754,159591.50316561497,81510.50762493617,53591.951897915176
126943.06439153079,104686.89388235482,70887.28001454097,108496.56118117535
31321.135870894042,154715.91859147686,143320.77403039884,58467.53647205328
185037.9697812541,205011.4127498238,5368.0918905102835,8172.042313706418
99374.35017224212,95389.72653652867,112498.79905256523,117793.72852700148
95690.86122698784,68504.91427835688,85492.53676963848,144678.54078517327
92039.15932148881,100571.2688471006,108602.26830348416,112612.18621642956
33623.022680780814,908.0036049002483,156064.29185726383,212275.45145863053
31321.135870894042,8961.590926584717,143320.77403039884,204221.86413694549
99374.35017224212,115247.38046112479,112498.79905256523,97936.07460240537
156607.44129451693,174040.61387841415,54189.43076229372,39142.84118511598
33321.61888299281,28424.46067513738,168834.53286911643,184758.99438839275
126099.97802483408,69353.70025685056,61136.95602741794,143829.75480667962
156607.44129451693,168296.5041169801,54189.43076229372,44886.950946550045
182049.14650951055,197885.56824184168,18894.501601539556,15297.886821688475
99374.35017224212,72344.21012958932,112498.79905256523,140839.24493394082
132026.11220340926,151508.29716112275,53472.431828049404,61675.157902407416
71548.12371098543,72502.11393040253,129758.19116050866,140681.34113312763
33321.61888299281,26332.104542106463,168834.53286911643,186851.35052142374
64175.9025590542,130051.78706275875,132765.91204119276,83131.66800077142
114902.23722933084,104114.45682709164,92204.98357062394,109068.9982364385
75275.28708194585,79795.74171320302,130070.2214632356,133387.71335032713
33321.61888299281,28572.504741153734,168834.53286911643,184610.9503223764
33321.61888299281,19966.20970340377,168834.53286911643,193217.24536012637
182049.14650951055,210419.95596162044,18894.501601539556,2763.499101909384
16871.91470435972,7589.735654042103,190306.45184695325,205593.71940948797
75275.28708194585,90010.79213793494,130070.2214632356,123172.66292559521
115973.04371599264,118879.39488072561,69197.42444165256,94304.06018280455
134068.0886172589,118899.12421992356,66784.47172947961,94284.33084360659
170526.55686101146,141273.51739719315,38299.12777934772,71909.937666337
170526.55686101146,196178.12668045313,38299.12777934772,17005.328383076954
71548.12371098543,92507.80205141054,129758.19116050866,120675.65301211961
117852.95588914839,131354.57484370258,93036.18610442357,81828.8802198276
168028.0180009506,186505.91436738573,38477.69870363917,26677.54069614445
138687.59929209517,122462.0612783211,47105.51041430872,90721.39378520909
77797.50984625271,4697.9316949185395,86099.33398487265,208485.5233686116
146231.48247530783,155900.2809892119,62870.1116924541,57283.17407431828
156607.44129451693,149840.34388694304,54189.43076229372,63343.11117658711
175936.75870452935,175600.00150418188,25732.38107275303,37583.45355934829
66293.24749317655,166381.7909935644,129085.38474493574,46801.66406996572
139227.90627428636,170635.5904904339,64936.869488235534,42547.86457309623
170526.55686101146,169224.24693068248,38299.12777934772,43959.20813284769
29232.309620471377,45025.12540816528,170401.73291535198,168158.32965536485
182049.14650951055,210025.18165518175,18894.501601539556,3158.273408348655
64175.9025590542,86319.56009192753,132765.91204119276,126863.89497160261
168028.0180009506,169678.2487331326,38477.69870363917,43505.20633039759
15845.764316223183,1638.344460976486,171065.94651316426,211545.11060255318
115973.04371599264,114122.23568979629,69197.42444165256,99061.21937373385
137648.60226416364,171879.1606449712,16034.661900666808,41304.29441855892
75275.28708194585,74485.89454541702,130070.2214632356,138697.5605181131
168028.0180009506,189831.98092015693,38477.69870363917,23351.47414337318
170526.55686101146,185518.95392727674,38299.12777934772,27664.501136253402
137648.60226416364,191460.46564633673,16034.661900666808,21722.989417193447
20891.326884970713,185469.60590527137,186300.71104762063,27713.849158258785
15845.764316223183,14922.841854447162,171065.94651316426,198260.61320908295
75275.28708194585,74446.425997417,130070.2214632356,138737.02906611314
163151.77543448322,175984.9160758244,46192.91017324403,37198.53898770573
115973.04371599264,115415.1637359433,69197.42444165256,97768.29132758685
117852.95588914839,113431.37325132436,93036.18610442357,99752.0818122058
75275.28708194585,179616.93049542527,130070.2214632356,33566.524568104905
170526.55686101146,164585.5229925661,38299.12777934772,48597.93207096405
33623.022680780814,4609.105255308738,156064.29185726383,208574.34980822154
114375.46481210068,94531.07095363387,73129.27260263341,118652.38410989627
139227.90627428636,164279.57512573668,64936.869488235534,48903.879937793485
182773.95460771615,205623.33809229577,25340.50439965509,7560.116971234455
182049.14650951055,201359.6591214207,18894.501601539556,11823.795942109396
33321.61888299281,49861.24143430339,168834.53286911643,163322.21362922675
99374.35017224212,91964.983678955,112498.79905256523,121218.47138457515
141040.3330290733,190325.4512706073,50227.25282613535,22858.003792922886
170526.55686101146,205840.4693891199,38299.12777934772,7342.985674410363
100735.84515075949,81098.52949414692,86341.41574244454,132084.92556938325
168028.0180009506,159917.2099804552,38477.69870363917,53266.245083074966
115919.59795604808,164575.65338816517,76406.5174230072,48607.80167536499
100735.84515075949,79243.05373634645,86341.41574244454,133940.4013271837
33321.61888299281,29273.24665363105,168834.53286911643,183910.20840989912
168028.0180009506,159413.85028639532,38477.69870363917,53769.60477713483
66293.24749317655,58349.09134963593,129085.38474493574,154834.36371389424
131801.08138068003,137424.37168076835,79739.36620812237,75759.08338276179
108470.97994745524,118109.55586783643,102832.70994240175,95073.89919569372
31321.135870894042,1717.3111657895786,143320.77403039884,211466.1438977405
140804.69384259506,155150.18118512473,65929.23931173552,58033.273878405416
99374.35017224212,95014.69143889162,112498.79905256523,118168.76362463854
93150.63886590989,171198.1480716917,72723.06278796554,41985.30699183845
138687.59929209517,200984.62402378366,47105.51041430872,12198.831039746436
115973.04371599264,143533.65680504264,69197.42444165256,69649.79825848751
166572.3474529065,201497.84345264026,18625.722730719426,11685.611610889813
140804.69384259506,153482.2180413407,65929.23931173552,59701.23702218946
140804.69384259506,145517.44728966156,65929.23931173552,67666.00777386858
163151.77543448322,149712.02916012448,46192.91017324403,63471.425903405674
92039.15932148881,205110.1087938347,108602.26830348416,8073.34626969551
36310.945659949,10363.0747515394,165171.5418494572,202820.38031199074
66293.24749317655,32846.03357722103,129085.38474493574,180337.42148630915
182049.14650951055,95616.72743775365,18894.501601539556,117566.72762577649
126943.06439153079,192309.25162483056,70887.28001454097,20874.2034386996
163151.77543448322,161239.71723099254,46192.91017324403,51943.73783253764
113431.08085863155,96534.60064705512,99192.64846121013,116648.85441647503
66293.24749317655,28069.14504709375,129085.38474493574,185114.31001643642
168028.0180009506,187581.71111670858,38477.69870363917,25601.743946821534
131801.08138068003,133476.52992033254,79739.36620812237,79706.92514319762
146231.48247530783,152090.6136903914,62870.1116924541,61092.841373138755
132026.11220340926,151488.55795232058,53472.431828049404,61694.897111209575
108470.97994745524,144037.00662949818,102832.70994240175,69146.44843403196
182049.14650951055,192674.42698767074,18894.501601539556,20509.028075859384
157064.6381262926,120971.7312745479,38723.73956165537,92211.72378898224
170526.55686101146,183880.6094663002,38299.12777934772,29302.84559722997
